{
  "acc": {
    "mean": 0.755,
    "std": 0.0,
    "runs": [
      0.755
    ]
  },
  "auc": {
    "mean": 0.886465790266052,
    "std": 0.0,
    "runs": [
      0.886465790266052
    ]
  },
  "f1_macro": {
    "mean": 0.7594600434626634,
    "std": 0.0,
    "runs": [
      0.7594600434626634
    ]
  },
  "f1_weighted": {
    "mean": 0.7550313811589628,
    "std": 0.0,
    "runs": [
      0.7550313811589628
    ]
  }
}