{
  "acc": {
    "mean": 0.74,
    "std": 0.0,
    "runs": [
      0.74
    ]
  },
  "auc": {
    "mean": 0.9507098469843297,
    "std": 0.0,
    "runs": [
      0.9507098469843297
    ]
  },
  "f1_macro": {
    "mean": 0.7241141559221509,
    "std": 0.0,
    "runs": [
      0.7241141559221509
    ]
  },
  "f1_weighted": {
    "mean": 0.7477315212402517,
    "std": 0.0,
    "runs": [
      0.7477315212402517
    ]
  }
}