{
  "acc": {
    "mean": 0.9503681483501499,
    "std": 0.0,
    "runs": [
      0.9503681483501499
    ]
  },
  "auc": {
    "mean": 0.9955342806117142,
    "std": 0.0,
    "runs": [
      0.9955342806117142
    ]
  },
  "f1_macro": {
    "mean": 0.9383271270633865,
    "std": 0.0,
    "runs": [
      0.9383271270633865
    ]
  },
  "f1_weighted": {
    "mean": 0.9502442152394286,
    "std": 0.0,
    "runs": [
      0.9502442152394286
    ]
  }
}