{
  "acc": {
    "mean": 0.6118421052631579,
    "std": 0.0,
    "runs": [
      0.6118421052631579
    ]
  },
  "auc": {
    "mean": 0.827561445467192,
    "std": 0.0,
    "runs": [
      0.827561445467192
    ]
  },
  "f1_macro": {
    "mean": 0.6133539404856047,
    "std": 0.0,
    "runs": [
      0.6133539404856047
    ]
  },
  "f1_weighted": {
    "mean": 0.6180629856222607,
    "std": 0.0,
    "runs": [
      0.6180629856222607
    ]
  }
}