{
  "acc": {
    "mean": 0.906215921483097,
    "std": 0.0,
    "runs": [
      0.906215921483097
    ]
  },
  "auc": {
    "mean": 0.9786085646335175,
    "std": 0.0,
    "runs": [
      0.9786085646335175
    ]
  },
  "f1_macro": {
    "mean": 0.921243169426259,
    "std": 0.0,
    "runs": [
      0.921243169426259
    ]
  },
  "f1_weighted": {
    "mean": 0.9068294766411336,
    "std": 0.0,
    "runs": [
      0.9068294766411336
    ]
  }
}