{
  "acc": {
    "mean": 0.9594771241830066,
    "std": 0.0,
    "runs": [
      0.9594771241830066
    ]
  },
  "auc": {
    "mean": 0.98579013971602,
    "std": 0.0,
    "runs": [
      0.98579013971602
    ]
  },
  "f1_macro": {
    "mean": 0.9504695140224729,
    "std": 0.0,
    "runs": [
      0.9504695140224729
    ]
  },
  "f1_weighted": {
    "mean": 0.9591641749481581,
    "std": 0.0,
    "runs": [
      0.9591641749481581
    ]
  }
}