{
  "acc": {
    "mean": 0.684,
    "std": 0.0,
    "runs": [
      0.684
    ]
  },
  "auc": {
    "mean": 0.8816363493935028,
    "std": 0.0,
    "runs": [
      0.8816363493935028
    ]
  },
  "f1_macro": {
    "mean": 0.6502355765199886,
    "std": 0.0,
    "runs": [
      0.6502355765199886
    ]
  },
  "f1_weighted": {
    "mean": 0.6893098632425076,
    "std": 0.0,
    "runs": [
      0.6893098632425076
    ]
  }
}